{
    "geoXScale": {
        "a": -104.69613126627874,
        "b": 3.1779084103016097e-6
    },
    "geoYScale": {
        "a": 13.458851912296101,
        "b": 2.7677932497333984e-6
    }
}