{
    "geoXScale": {
        "a": -104.69026747847256,
        "b": 3.1758852663681286e-6
    },
    "geoYScale": {
        "a": 13.364148257812769,
        "b": 2.7817438776379194e-6
    }
}